{
    "best_threshold": 0.5199999999999998,
    "best_f1": 0.9502762430939227
}